-- 권한
INSERT INTO AUTHOR (AUTHOR_UID, AUTHOR)
VALUES ('AT01', 'ADMIN')
;
INSERT INTO AUTHOR (AUTHOR_UID, AUTHOR)
VALUES ('AT02', 'GUEST')
;

-- 사용자
INSERT INTO USER (USER_UID, ID, PW, AUTHOR_UID)
VALUES ('MB01', 'ADMIN', 'admin1234', 'AT01')
;
INSERT INTO USER (USER_UID, ID, PW, AUTHOR_UID)
VALUES ('MB02', 'aaaa11', 'a12345', 'AT02')
;
INSERT INTO USER (USER_UID, ID, PW, AUTHOR_UID)
VALUES ('MB03', 'bbbb11', 'b12345', 'AT02')
;
INSERT INTO USER (USER_UID, ID, PW, AUTHOR_UID)
VALUES ('MB04', 'cccc11', 'c12345', 'AT02')
;
INSERT INTO USER (USER_UID, ID, PW, AUTHOR_UID)
VALUES ('MB05', 'dddd11', 'd12345', 'AT02')
;

-- 질문
INSERT INTO QUESTION (QUESTION_UID, QUESTION)
VALUES ('QS01', '1. 현재 사용중인 제품을 선택해주세요. (답은 한가지만 선택 가능)')
;
INSERT INTO QUESTION (QUESTION_UID, QUESTION)
VALUES ('QS02', '2. 현재 사용중인 제품의 가격이 적당하다고  생각하십니까? (답은 한가지만 선택 가능)')
;
INSERT INTO QUESTION (QUESTION_UID, QUESTION)
VALUES ('QS03', '3. 사용중인 제품의 음향은 만족스러우신가요? (답은 한가지만 선택 가능)')
;
INSERT INTO QUESTION (QUESTION_UID, QUESTION)
VALUES ('QS04', '4. 사용중인 제품의 디자인은 만족스러우신가요? (답은 한가지만 선택 가능)')
;
INSERT INTO QUESTION (QUESTION_UID, QUESTION)
VALUES ('QS05', '5. 사용중인 제품은 사용이 편리한가요? (답은 한가지만 선택 가능)')
;

-- 답항목록
INSERT INTO ANSWER (ANSWER_UID, ANSWER, QUESTION_UID)
VALUES ('AS01', '(1) 무선이어폰 ', 'QS01')
;
INSERT INTO ANSWER (ANSWER_UID, ANSWER, QUESTION_UID)
VALUES ('AS02', '(2) 헤드셋 ', 'QS01')
;
INSERT INTO ANSWER (ANSWER_UID, ANSWER, QUESTION_UID)
VALUES ('AS03', '(3) 유선이어폰', 'QS01')
;
INSERT INTO ANSWER (ANSWER_UID, ANSWER, QUESTION_UID)
VALUES ('AS04', '(1) 전혀 아니다.', 'QS02')
;
INSERT INTO ANSWER (ANSWER_UID, ANSWER, QUESTION_UID)
VALUES ('AS05', '(2) 아니다. ', 'QS02')
;
INSERT INTO ANSWER (ANSWER_UID, ANSWER, QUESTION_UID)
VALUES ('AS06', '(3) 보통이다. ', 'QS02')
;
INSERT INTO ANSWER (ANSWER_UID, ANSWER, QUESTION_UID)
VALUES ('AS07', '(4) 그렇다.', 'QS02')
;
INSERT INTO ANSWER (ANSWER_UID, ANSWER, QUESTION_UID)
VALUES ('AS08', '(5) 매우 그렇다.', 'QS02')
;
INSERT INTO ANSWER (ANSWER_UID, ANSWER, QUESTION_UID)
VALUES ('AS09', '(1) 전혀 아니다.', 'QS03')
;
INSERT INTO ANSWER (ANSWER_UID, ANSWER, QUESTION_UID)
VALUES ('AS10', '(2) 아니다. ', 'QS03')
;
INSERT INTO ANSWER (ANSWER_UID, ANSWER, QUESTION_UID)
VALUES ('AS11', '(3) 보통이다. ', 'QS03')
;
INSERT INTO ANSWER (ANSWER_UID, ANSWER, QUESTION_UID)
VALUES ('AS12', '(4) 그렇다.', 'QS03')
;
INSERT INTO ANSWER (ANSWER_UID, ANSWER, QUESTION_UID)
VALUES ('AS13', '(5) 매우 그렇다.', 'QS03')
;
INSERT INTO ANSWER (ANSWER_UID, ANSWER, QUESTION_UID)
VALUES ('AS14', '(1) 전혀 아니다.', 'QS04')
;
INSERT INTO ANSWER (ANSWER_UID, ANSWER, QUESTION_UID)
VALUES ('AS15', '(2) 아니다. ', 'QS04')
;
INSERT INTO ANSWER (ANSWER_UID, ANSWER, QUESTION_UID)
VALUES ('AS16', '(3) 보통이다. ', 'QS04')
;
INSERT INTO ANSWER (ANSWER_UID, ANSWER, QUESTION_UID)
VALUES ('AS17', '(4) 그렇다.', 'QS04')
;
INSERT INTO ANSWER (ANSWER_UID, ANSWER, QUESTION_UID)
VALUES ('AS18', '(5) 매우 그렇다.', 'QS04')
;
INSERT INTO ANSWER (ANSWER_UID, ANSWER, QUESTION_UID)
VALUES ('AS19', '(1) 전혀 아니다.', 'QS05')
;
INSERT INTO ANSWER (ANSWER_UID, ANSWER, QUESTION_UID)
VALUES ('AS20', '(2) 아니다. ', 'QS05')
;
INSERT INTO ANSWER (ANSWER_UID, ANSWER, QUESTION_UID)
VALUES ('AS21', '(3) 보통이다. ', 'QS05')
;
INSERT INTO ANSWER (ANSWER_UID, ANSWER, QUESTION_UID)
VALUES ('AS22', '(4) 그렇다.', 'QS05')
;
INSERT INTO ANSWER (ANSWER_UID, ANSWER, QUESTION_UID)
VALUES ('AS23', '(5) 매우 그렇다.', 'QS05')
;



-- 질문과답항,답
INSERT INTO QUESTION_ANSWER(USER_UID, QUESTION_UID, ANSWER_UID)
VALUE ('MB01', 'QS01', 'AS01')
;
INSERT INTO QUESTION_ANSWER(USER_UID, QUESTION_UID, ANSWER_UID)
VALUE ('MB01', 'QS02', 'AS05')
;
INSERT INTO QUESTION_ANSWER(USER_UID, QUESTION_UID, ANSWER_UID)
VALUE ('MB01', 'QS03', 'AS13')
;
INSERT INTO QUESTION_ANSWER(USER_UID, QUESTION_UID, ANSWER_UID)
VALUE ('MB01', 'QS04', 'AS16')
;
INSERT INTO QUESTION_ANSWER(USER_UID, QUESTION_UID, ANSWER_UID)
VALUE ('MB01', 'QS05', 'AS21')
;
INSERT INTO QUESTION_ANSWER(USER_UID, QUESTION_UID, ANSWER_UID)
VALUE ('MB02', 'QS01', 'AS01')
;
INSERT INTO QUESTION_ANSWER(USER_UID, QUESTION_UID, ANSWER_UID)
VALUE ('MB02', 'QS02', 'AS05')
;
INSERT INTO QUESTION_ANSWER(USER_UID, QUESTION_UID, ANSWER_UID)
VALUE ('MB02', 'QS03', 'AS13')
;
INSERT INTO QUESTION_ANSWER(USER_UID, QUESTION_UID, ANSWER_UID)
VALUE ('MB02', 'QS04', 'AS16')
;
INSERT INTO QUESTION_ANSWER(USER_UID, QUESTION_UID, ANSWER_UID)
VALUE ('MB02', 'QS05', 'AS21')
;
INSERT INTO QUESTION_ANSWER(USER_UID, QUESTION_UID, ANSWER_UID)
VALUE ('MB03', 'QS01', 'AS01')
;
INSERT INTO QUESTION_ANSWER(USER_UID, QUESTION_UID, ANSWER_UID)
VALUE ('MB03', 'QS02', 'AS05')
;
INSERT INTO QUESTION_ANSWER(USER_UID, QUESTION_UID, ANSWER_UID)
VALUE ('MB03', 'QS03', 'AS13')
;
INSERT INTO QUESTION_ANSWER(USER_UID, QUESTION_UID, ANSWER_UID)
VALUE ('MB03', 'QS04', 'AS16')
;
INSERT INTO QUESTION_ANSWER(USER_UID, QUESTION_UID, ANSWER_UID)
VALUE ('MB03', 'QS05', 'AS21')
;
INSERT INTO QUESTION_ANSWER(USER_UID, QUESTION_UID, ANSWER_UID)
VALUE ('MB04', 'QS01', 'AS01')
;
INSERT INTO QUESTION_ANSWER(USER_UID, QUESTION_UID, ANSWER_UID)
VALUE ('MB04', 'QS02', 'AS05')
;
INSERT INTO QUESTION_ANSWER(USER_UID, QUESTION_UID, ANSWER_UID)
VALUE ('MB04', 'QS03', 'AS13')
;
INSERT INTO QUESTION_ANSWER(USER_UID, QUESTION_UID, ANSWER_UID)
VALUE ('MB04', 'QS04', 'AS16')
;
INSERT INTO QUESTION_ANSWER(USER_UID, QUESTION_UID, ANSWER_UID)
VALUE ('MB04',  'QS05', 'AS21')
;
INSERT INTO QUESTION_ANSWER(USER_UID, QUESTION_UID, ANSWER_UID)
VALUE ('MB05',  'QS01', 'AS01')
;
INSERT INTO QUESTION_ANSWER(USER_UID, QUESTION_UID, ANSWER_UID)
VALUE ('MB05', 'QS02', 'AS05')
;
INSERT INTO QUESTION_ANSWER(USER_UID, QUESTION_UID, ANSWER_UID)
VALUE ('MB05', 'QS03', 'AS13')
;
INSERT INTO QUESTION_ANSWER(USER_UID, QUESTION_UID, ANSWER_UID)
VALUE ('MB05',  'QS04', 'AS16')
;
INSERT INTO QUESTION_ANSWER(USER_UID, QUESTION_UID, ANSWER_UID)
VALUE ('MB05',  'QS05', 'AS21')
;



-- 삭제
-- DELETE FROM AUTHOR
-- ;
-- DELETE FROM USER
-- ;
-- DELETE FROM QUESTION
-- ;
-- DELETE FROM QUESTION_ANSWER
-- ;
-- DELETE FROM ANSWER
-- ;



SELECT *
FROM USER
;

SELECT *
FROM QUESTION_ANSWER
;

SELECT *
FROM QUESTION
;

SELECT *
FROM ANSWER
;