-- AUTHOR(접근권한) 테이블 INSERT
INSERT INTO AUTHOR (AUTHOR_UID, AUTHOR)
VALUES ('AT01', 'ADMIN')
;
INSERT INTO AUTHOR (AUTHOR_UID, AUTHOR)
VALUES ('AT02', 'GUEST')
;
-- 접근권한 테이블 조회
SELECT *
FROM AUTHOR
;

-- USER(회원) 테이블 INSERT
INSERT INTO USER (USER_UID, ID, PW, AUTHOR_UID)
VALUES ('MB01', 'ADMIN', 'admin1234', 'AT01')
;
INSERT INTO USER (USER_UID, ID, PW, AUTHOR_UID)
VALUES ('MB02', 'aaaa11', 'a12345', 'AT02')
;
INSERT INTO USER (USER_UID, ID, PW, AUTHOR_UID)
VALUES ('MB03', 'bbbb11', 'b12345', 'AT02')
;
INSERT INTO USER (USER_UID, ID, PW, AUTHOR_UID)
VALUES ('MB04', 'cccc11', 'c12345', 'AT02')
;
INSERT INTO USER (USER_UID, ID, PW, AUTHOR_UID)
VALUES ('MB05', 'dddd11', 'd12345', 'AT02')
;
-- USER(회원) 테이블 조회
SELECT *
FROM USER
;

-- ANSWER_LIST(답항 리스트) INSERT
INSERT INTO ANSWER_LIST (ANSWER_LIST_UID, ANSWER_LIST)
VALUES ('AS01', '(1) 무선이어폰 (2) 헤드셋 (3) 유선이어폰')
;
INSERT INTO ANSWER_LIST (ANSWER_LIST_UID, ANSWER_LIST)
VALUES ('AS02', '(1) 전혀 아니다. (2) 아니다. (3) 보통이다. (4) 그렇다. (5) 매우 그렇다.')
;
-- ANSWER_LIST(답항 리스트) 테이블 조회
SELECT *
FROM ANSWER_LIST
;

-- QUESTION(문항) INSERT
INSERT INTO QUESTION (QUESTION_UID, QUESTION, ANSWER_LIST_UID)
VALUES ('QS01', '1. 현재 사용중인 제품을 선택해주세요. (답은 한가지만 선택 가능)', 'AS01')
;
INSERT INTO QUESTION (QUESTION_UID, QUESTION, ANSWER_LIST_UID)
VALUES ('QS02', '2. 현재 사용중인 제품의 가격이 적당하다고  생각하십니까? (답은 한가지만 선택 가능)', 'AS02')
;
INSERT INTO QUESTION (QUESTION_UID, QUESTION, ANSWER_LIST_UID)
VALUES ('QS03', '3. 사용중인 제품의 음향은 만족스러우신가요? (답은 한가지만 선택 가능)', 'AS02')
;
INSERT INTO QUESTION (QUESTION_UID, QUESTION, ANSWER_LIST_UID)
VALUES ('QS04', '4. 사용중인 제품의 디자인은 만족스러우신가요? (답은 한가지만 선택 가능)', 'AS02')
;
INSERT INTO QUESTION (QUESTION_UID, QUESTION, ANSWER_LIST_UID)
VALUES ('QS05', '5. 사용중인 제품은 사용이 편리한가요? (답은 한가지만 선택 가능)', 'AS02')
;
-- QUESTION(문항) 테이블 조회
SELECT *
FROM QUESTION
;
