-- 권한
INSERT INTO AUTHOR (AUTHOR_UID, AUTHOR)
VALUES ('AT01', 'ADMIN')
;
INSERT INTO AUTHOR (AUTHOR_UID, AUTHOR)
VALUES ('AT02', 'GUEST')
;

-- 사용자
INSERT INTO USER (USER_UID, ID, PW, AUTHOR_UID)
VALUES ('MB01', 'ADMIN', 'admin1234', 'AT01')
;
INSERT INTO USER (USER_UID, ID, PW, AUTHOR_UID)
VALUES ('MB02', 'aaaa11', 'a12345', 'AT02')
;
INSERT INTO USER (USER_UID, ID, PW, AUTHOR_UID)
VALUES ('MB03', 'bbbb11', 'b12345', 'AT02')
;
INSERT INTO USER (USER_UID, ID, PW, AUTHOR_UID)
VALUES ('MB04', 'cccc11', 'c12345', 'AT02')
;
INSERT INTO USER (USER_UID, ID, PW, AUTHOR_UID)
VALUES ('MB05', 'dddd11', 'd12345', 'AT02')
;

-- 답항목록
INSERT INTO ANSWER_LIST (ANSWER_LIST_UID, ANSWER_LIST)
VALUES ('AS01', '(1) 무선이어폰 (2) 헤드셋 (3) 유선이어폰')
;
INSERT INTO ANSWER_LIST (ANSWER_LIST_UID, ANSWER_LIST)
VALUES ('AS02', '(1) 전혀 아니다. (2) 아니다. (3) 보통이다. (4) 그렇다. (5) 매우 그렇다.')
;

-- 질문
INSERT INTO QUESTION (QUESTION_UID, QUESTION, ANSWER_LIST_UID)
VALUES ('QS01', '1. 현재 사용중인 제품을 선택해주세요. (답은 한가지만 선택 가능)', 'AS01')
;
INSERT INTO QUESTION (QUESTION_UID, QUESTION, ANSWER_LIST_UID)
VALUES ('QS02', '2. 현재 사용중인 제품의 가격이 적당하다고  생각하십니까? (답은 한가지만 선택 가능)', 'AS02')
;
INSERT INTO QUESTION (QUESTION_UID, QUESTION, ANSWER_LIST_UID)
VALUES ('QS03', '3. 사용중인 제품의 음향은 만족스러우신가요? (답은 한가지만 선택 가능)', 'AS02')
;
INSERT INTO QUESTION (QUESTION_UID, QUESTION, ANSWER_LIST_UID)
VALUES ('QS04', '4. 사용중인 제품의 디자인은 만족스러우신가요? (답은 한가지만 선택 가능)', 'AS02')
;
INSERT INTO QUESTION (QUESTION_UID, QUESTION, ANSWER_LIST_UID)
VALUES ('QS05', '5. 사용중인 제품은 사용이 편리한가요? (답은 한가지만 선택 가능)', 'AS02')
;

-- 질문과답항,답
INSERT QUESTION_ANSWER(USER_UID, ANSWER, QUESTION_UID, ANSWER_LIST_UID)
VALUE ('MB01', '3', 'QS01', 'AS01')
;
INSERT QUESTION_ANSWER(USER_UID, ANSWER, QUESTION_UID, ANSWER_LIST_UID)
VALUE ('MB01', '2', 'QS02', 'AS02')
;
INSERT QUESTION_ANSWER(USER_UID, ANSWER, QUESTION_UID, ANSWER_LIST_UID)
VALUE ('MB01', '5', 'QS03', 'AS02')
;
INSERT QUESTION_ANSWER(USER_UID, ANSWER, QUESTION_UID, ANSWER_LIST_UID)
VALUE ('MB01', '1', 'QS04', 'AS02')
;
INSERT QUESTION_ANSWER(USER_UID, ANSWER, QUESTION_UID, ANSWER_LIST_UID)
VALUE ('MB01', '4', 'QS05', 'AS02')
;
INSERT QUESTION_ANSWER(USER_UID, ANSWER, QUESTION_UID, ANSWER_LIST_UID)
VALUE ('MB02', '2', 'QS01', 'AS01')
;
INSERT QUESTION_ANSWER(USER_UID, ANSWER, QUESTION_UID, ANSWER_LIST_UID)
VALUE ('MB02', '5', 'QS02', 'AS02')
;
INSERT QUESTION_ANSWER(USER_UID, ANSWER, QUESTION_UID, ANSWER_LIST_UID)
VALUE ('MB02', '3', 'QS03', 'AS02')
;
INSERT QUESTION_ANSWER(USER_UID, ANSWER, QUESTION_UID, ANSWER_LIST_UID)
VALUE ('MB02', '2', 'QS04', 'AS02')
;
INSERT QUESTION_ANSWER(USER_UID, ANSWER, QUESTION_UID, ANSWER_LIST_UID)
VALUE ('MB02', '2', 'QS05', 'AS02')
;
INSERT QUESTION_ANSWER(USER_UID, ANSWER, QUESTION_UID, ANSWER_LIST_UID)
VALUE ('MB03', '1', 'QS01', 'AS01')
;
INSERT QUESTION_ANSWER(USER_UID, ANSWER, QUESTION_UID, ANSWER_LIST_UID)
VALUE ('MB03', '5', 'QS02', 'AS02')
;
INSERT QUESTION_ANSWER(USER_UID, ANSWER, QUESTION_UID, ANSWER_LIST_UID)
VALUE ('MB03', '5', 'QS03', 'AS02')
;
INSERT QUESTION_ANSWER(USER_UID, ANSWER, QUESTION_UID, ANSWER_LIST_UID)
VALUE ('MB03', '3', 'QS04', 'AS02')
;
INSERT QUESTION_ANSWER(USER_UID, ANSWER, QUESTION_UID, ANSWER_LIST_UID)
VALUE ('MB03', '2', 'QS05', 'AS02')
;
INSERT QUESTION_ANSWER(USER_UID, ANSWER, QUESTION_UID, ANSWER_LIST_UID)
VALUE ('MB04', '2', 'QS01', 'AS01')
;
INSERT QUESTION_ANSWER(USER_UID, ANSWER, QUESTION_UID, ANSWER_LIST_UID)
VALUE ('MB04', '1', 'QS02', 'AS02')
;
INSERT QUESTION_ANSWER(USER_UID, ANSWER, QUESTION_UID, ANSWER_LIST_UID)
VALUE ('MB04', '2', 'QS03', 'AS02')
;
INSERT QUESTION_ANSWER(USER_UID, ANSWER, QUESTION_UID, ANSWER_LIST_UID)
VALUE ('MB04', '5', 'QS04', 'AS02')
;
INSERT QUESTION_ANSWER(USER_UID, ANSWER, QUESTION_UID, ANSWER_LIST_UID)
VALUE ('MB04', '3', 'QS05', 'AS02')
;
INSERT QUESTION_ANSWER(USER_UID, ANSWER, QUESTION_UID, ANSWER_LIST_UID)
VALUE ('MB05', '1', 'QS01', 'AS01')
;
INSERT QUESTION_ANSWER(USER_UID, ANSWER, QUESTION_UID, ANSWER_LIST_UID)
VALUE ('MB05', '3', 'QS02', 'AS02')
;
INSERT QUESTION_ANSWER(USER_UID, ANSWER, QUESTION_UID, ANSWER_LIST_UID)
VALUE ('MB05', '2', 'QS03', 'AS02')
;
INSERT QUESTION_ANSWER(USER_UID, ANSWER, QUESTION_UID, ANSWER_LIST_UID)
VALUE ('MB05', '4', 'QS04', 'AS02')
;
INSERT QUESTION_ANSWER(USER_UID, ANSWER, QUESTION_UID, ANSWER_LIST_UID)
VALUE ('MB05', '1', 'QS05', 'AS02')
;

-- 삭제
DELETE FROM USER
;
DELETE FROM AUTHOR
;
DELETE FROM QUESTION
;
DELETE FROM QUESTION_ANSWER
;
DELETE FROM ANSWER_LIST
;

-- 업데이트


SELECT QUESTION.QUESTION, ANSWER_LIST.ANSWER_LIST
FROM QUESTION INNER JOIN ANSWER_LIST
					ON QUESTION.ANSWER_LIST_UID = ANSWER_LIST.ANSWER_LIST_UID
;

SELECT *
FROM USER
;

SELECT *
FROM QUESTION_ANSWER
;

SELECT *
FROM QUESTION
;

SELECT *
FROM ANSWER_LIST
;